{
    "accuracy": 0.7816867469879518,
    "precision": 0.7696737044145874,
    "recall": 0.7901477832512315,
    "auc": 0.8698401338414351
}