{
    "accuracy": 0.791907514450867,
    "precision": 0.7835051546391752,
    "recall": 0.7958115183246073,
    "auc": 0.8711888381981077
}